kind,metric,network,actual,reference,difference,relative_error_percent,passed
figure4_label,fuel,hub,6.71E+7,6.71E+7,0E+5,0,True
figure4_label,fuel,city,1.88E+8,1.88E+8,0E+6,0,True
prose_total,fuel,hub,6.71E+7,6.71E+7,0E+5,0,True
prose_total,fuel,city,1.88E+8,1.88E+8,0E+6,0,True
reduction,fuel,both,64.30851063829787234042553191,64.38,-0.07148936170212765957446809,0.1110428109694433979100156726,False
figure4_label,NOx,hub,2.69E+9,2.69E+9,0E+7,0,True
figure4_label,NOx,city,5.53E+9,5.53E+9,0E+7,0,True
prose_total,NOx,hub,2.69E+9,2.69E+9,0E+7,0,True
prose_total,NOx,city,5.53E+9,5.53E+9,0E+7,0,True
reduction,NOx,both,51.35623869801084990958408680,51.38,-0.02376130198915009041591320,0.04624620862037775479936395485,True
figure4_label,CO,hub,7.86E+8,7.86E+8,0E+6,0,True
figure4_label,CO,city,1.90E+9,1.90E+9,0E+7,0,True
prose_total,CO,hub,7.86E+8,7.86E+8,0E+6,0,True
prose_total,CO,city,1.90E+9,1.90E+9,0E+7,0,True
reduction,CO,both,58.63157894736842105263157895,58.64,-0.00842105263157894736842105,0.01436059452861348459826236357,True
figure4_label,HC,hub,1.49E+8,1.49E+8,0E+6,0,True
figure4_label,HC,city,4.14E+8,4.14E+9,-3.726E+9,90.0,False
prose_total,HC,hub,1.49E+8,1.48E+8,1E+6,0.6756756756756756756756756757,False
prose_total,HC,city,4.14E+8,4.14E+8,0E+6,0,True
reduction,HC,both,64.00966183574879227053140097,64.10,-0.09033816425120772946859903,0.1409331735588264110274555850,False
